<?xml version="1.0" encoding="UTF-8" standalone="yes"?>
<addon id="repository.kred123" name="[COLOR red][B]RedKodi[/B][/COLOR]Wizard Repository" version="1.0" provider-name="kred123">
    <extension point="xbmc.addon.repository" name="[COLOR red][B]kred[/B][/COLOR]Wizard Repository">
        <dir minversion="18.0" maxversion="18.9.0">
            <info compressed="false">https://example.com/leia/zips/addons.xml</info>
            <checksum>https://example.com/leia/zips/addons.xml.md5</checksum>
            <datadir zip="true">https://example.com/leia/zips/</datadir>
        </dir>
        <dir minversion="18.9.9">
            <info compressed="false">https://example.com/matrix/zips/addons.xml</info>
            <checksum>https://example.com/matrix/zips/addons.xml.md5</checksum>
            <datadir zip="true">https://example.com/matrix/zips/</datadir>
        </dir>
    </extension>
    
    <extension point="xbmc.addon.metadata">
        <summary>[COLOR red][B]KodiRed[/B][/COLOR]Wizard</summary>
        <description>The official home of [COLOR red][B]KodiRed[/B][/COLOR]Wizard.</description>
        <disclaimer></disclaimer>
        <platform>all</platform>
        <assets>
            <icon>icon.png</icon>
            <fanart>fanart.jpg</fanart>
        </assets>
        <source>https://www.example.com/zips/repository.kred123/</source>
    </extension>
</addon>